Stage,Feature set,Model,Held-out Beam,Independent test groups,R2,RMSE (kN),MAE (kN),Training-mean baseline R2,Training-mean baseline RMSE (kN),Training-mean baseline MAE (kN),RMSE improvement vs baseline (kN)
short_term,Full15,DT,1,71,0.28265533002702736,7.833379282654166,5.488732394366197,-0.05120517592023788,9.48263343248551,8.150358290091427,1.6492541498313447
short_term,Full15,DT,2,72,0.6147697236399117,5.565773790566194,4.76700730994152,-0.03979631138226458,9.144068724724939,7.838812116136239,3.5782949341587447
short_term,Full15,DT,3,91,0.6353212286937371,6.561817206761024,5.286263736263736,-0.06334996252734659,11.204874501294103,9.646377105743861,4.6430572945330795
short_term,Full15,DT,4,81,0.1506868826794563,8.952094726934027,6.846913580246913,-0.011727026874721824,9.770626886480814,8.457072582436762,0.8185321595467876
short_term,Full15,DT,5,72,0.38324523078222106,7.175316969382685,5.714583333333334,-0.03826547596248209,9.309771873396109,8.003999162479062,2.134454904013424
short_term,Full15,DT,6,83,-0.2726581793066414,11.473825051477572,9.172088353413654,-0.01102205059835848,10.226632532748887,8.883362909000343,-1.247192518728685
short_term,Full15,SVM,1,71,-0.18285426984193354,10.058908048364131,8.629698748333228,-0.05120517592023788,9.48263343248551,8.150358290091427,-0.5762746158786207
short_term,Full15,SVM,2,72,0.7471259910598771,4.509386310475503,3.164573081951266,-0.03979631138226458,9.144068724724939,7.838812116136239,4.634682414249435
short_term,Full15,SVM,3,91,0.41165123922247504,8.33462967752195,6.620257657292654,-0.06334996252734659,11.204874501294103,9.646377105743861,2.870244823772154
short_term,Full15,SVM,4,81,0.4499598441883569,7.204236335349678,6.09658891436742,-0.011727026874721824,9.770626886480814,8.457072582436762,2.5663905511311365
short_term,Full15,SVM,5,72,0.32981275465325066,7.4796781687330025,6.006884045420081,-0.03826547596248209,9.309771873396109,8.003999162479062,1.8300937046631063
short_term,Full15,SVM,6,83,-0.4766097738888351,12.359053337156583,10.572091092022083,-0.01102205059835848,10.226632532748887,8.883362909000343,-2.1324208044076958
short_term,Full15,RF,1,71,0.6075723957316848,5.793819908210561,4.1135479375486215,-0.05120517592023788,9.48263343248551,8.150358290091427,3.6888135242749494
short_term,Full15,RF,2,72,0.6101372761462245,5.5991383876536585,4.612214701395269,-0.03979631138226458,9.144068724724939,7.838812116136239,3.54493033707128
short_term,Full15,RF,3,91,0.6966377535645193,5.9848001473331465,5.027163477555562,-0.06334996252734659,11.204874501294103,9.646377105743861,5.220074353960957
short_term,Full15,RF,4,81,0.14730984883848786,8.969874703609863,7.114816036996791,-0.011727026874721824,9.770626886480814,8.457072582436762,0.8007521828709514
short_term,Full15,RF,5,72,0.6321032499642718,5.541761206844542,4.222495570545721,-0.03826547596248209,9.309771873396109,8.003999162479062,3.768010666551567
short_term,Full15,RF,6,83,0.3097208840123843,8.450155564652345,7.508432171778609,-0.01102205059835848,10.226632532748887,8.883362909000343,1.7764769680965422
short_term,Full15,MLP,1,71,0.6672314274685656,5.335269589157226,4.665487909398302,-0.05120517592023788,9.48263343248551,8.150358290091427,4.147363843328284
short_term,Full15,MLP,2,72,-0.622706173791141,11.423134476606064,11.379581504115443,-0.03979631138226458,9.144068724724939,7.838812116136239,-2.2790657518811255
short_term,Full15,MLP,3,91,-0.04154509143689267,11.089396830827933,9.5664333172181,-0.06334996252734659,11.204874501294103,9.646377105743861,0.11547767046616997
short_term,Full15,MLP,4,81,-1.8764683955562442,16.474815382418743,14.959346057595788,-0.011727026874721824,9.770626886480814,8.457072582436762,-6.704188495937929
short_term,Full15,MLP,5,72,-1.1091416209548557,13.26898501167833,11.278984354864198,-0.03826547596248209,9.309771873396109,8.003999162479062,-3.9592131382822213
short_term,Full15,MLP,6,83,-0.10094059733617389,10.671716524826424,8.92818990728575,-0.01102205059835848,10.226632532748887,8.883362909000343,-0.4450839920775369
short_term,Full15,XGBoost,1,71,0.6966393391777498,5.09406929061261,3.783643797753563,-0.05120517592023788,9.48263343248551,8.150358290091427,4.388564141872901
short_term,Full15,XGBoost,2,72,0.6090926766692958,5.6066345447002615,4.457362625333998,-0.03979631138226458,9.144068724724939,7.838812116136239,3.537434180024677
short_term,Full15,XGBoost,3,91,0.753816007539629,5.391365706648874,4.529757809900975,-0.06334996252734659,11.204874501294103,9.646377105743861,5.813508794645229
short_term,Full15,XGBoost,4,81,0.20130916926733045,8.68120681200444,6.675337725509832,-0.011727026874721824,9.770626886480814,8.457072582436762,1.089420074476374
short_term,Full15,XGBoost,5,72,0.6612178787167031,5.317960093895872,4.107035948170557,-0.03826547596248209,9.309771873396109,8.003999162479062,3.991811779500237
short_term,Full15,XGBoost,6,83,0.34941019259050987,8.203628111935169,7.42739223184356,-0.01102205059835848,10.226632532748887,8.883362909000343,2.0230044208137183
long_term,Full15,DT,1,11,-18.235690991098597,3.1852212957514223,3.027956989247311,-6.0194296458790415,1.9241398206956741,1.8082644628099183,-1.2610814750557482
long_term,Full15,DT,2,11,-17.310015898251248,1.951223392457342,1.890909090909094,-20.300476947535696,2.1045405458415134,2.0545454545454507,0.1533171533841713
long_term,Full15,DT,3,11,-4.914056603773588,1.971213285817093,1.713636363636364,-0.023265408805031917,0.8199455736825787,0.5980165289256199,-1.1512677121345143
long_term,Full15,DT,4,11,-5.218055555555571,2.1931712199461306,2.081818181818181,-0.0330940170940166,0.8939539803637893,0.6482644628099172,-1.2992172395823414
long_term,Full15,DT,5,11,-4.972495755517809,2.411336860445973,2.2181818181818147,-10.256855687606118,3.3104612547209005,3.160000000000002,0.8991243942749274
long_term,Full15,DT,6,11,-8.110687022900777,2.3502417670606515,2.2181818181818205,-0.6755943293347844,1.007909218003058,0.7130578512396688,-1.3423325490575935
long_term,Full15,SVM,1,11,-5.311153953883467,1.8244841801026894,1.719826453003652,-6.0194296458790415,1.9241398206956741,1.8082644628099183,0.0996556405929847
long_term,Full15,SVM,2,11,-16.825494346863227,1.9252335648088954,1.8472175559497968,-20.300476947535696,2.1045405458415134,2.0545454545454507,0.179306981032618
long_term,Full15,SVM,3,11,-0.43107635947614864,0.9696662567130417,0.8843857437672927,-0.023265408805031917,0.8199455736825787,0.5980165289256199,-0.14972068303046304
long_term,Full15,SVM,4,11,0.10868340402906507,0.8303500873891094,0.6265074490199525,-0.0330940170940166,0.8939539803637893,0.6482644628099172,0.06360389297467983
long_term,Full15,SVM,5,11,-8.238733448551763,2.9990670729017754,2.787713107772617,-10.256855687606118,3.3104612547209005,3.160000000000002,0.31139418181912504
long_term,Full15,SVM,6,11,-13.321368971626715,2.946654676599957,2.7422091533774804,-0.6755943293347844,1.007909218003058,0.7130578512396688,-1.938745458596899
long_term,Full15,RF,1,11,-11.226988497748724,2.5394839163449285,2.4280718465927036,-6.0194296458790415,1.9241398206956741,1.8082644628099183,-0.6153440956492544
long_term,Full15,RF,2,11,-23.365169800561645,2.250854148584361,2.2207871632018517,-20.300476947535696,2.1045405458415134,2.0545454545454507,-0.14631360274284777
long_term,Full15,RF,3,11,-0.9889026803115006,1.1431353255854522,0.971544848165301,-0.023265408805031917,0.8199455736825787,0.5980165289256199,-0.32318975190287347
long_term,Full15,RF,4,11,-0.05709972876584546,0.9042806127245265,0.7023066945636326,-0.0330940170940166,0.8939539803637893,0.6482644628099172,-0.010326632360737276
long_term,Full15,RF,5,11,-11.112093926982833,3.433915270881266,3.3000573107027633,-10.256855687606118,3.3104612547209005,3.160000000000002,-0.12345401616036566
long_term,Full15,RF,6,11,-3.328573136646619,1.619978893098894,1.4242065295864779,-0.6755943293347844,1.007909218003058,0.7130578512396688,-0.6120696750958361
long_term,Full15,MLP,1,11,-12.23354752397573,2.641945506191798,2.3596815616574367,-6.0194296458790415,1.9241398206956741,1.8082644628099183,-0.7178056854961239
long_term,Full15,MLP,2,11,-5.60524918099931,1.1719450153305844,1.0796410256112337,-20.300476947535696,2.1045405458415134,2.0545454545454507,0.932595530510929
long_term,Full15,MLP,3,11,-11.062820633173153,2.8152392854235813,2.377305941732841,-0.023265408805031917,0.8199455736825787,0.5980165289256199,-1.9952937117410026
long_term,Full15,MLP,4,11,0.19362837519283127,0.7897922317118095,0.5835766195997643,-0.0330940170940166,0.8939539803637893,0.6482644628099172,0.1041617486519798
long_term,Full15,MLP,5,11,-3.896495161631589,2.183346302058473,1.8233004262652686,-10.256855687606118,3.3104612547209005,3.160000000000002,1.1271149526624273
long_term,Full15,MLP,6,11,-19.116483224441627,3.492311755778079,3.4204404093186045,-0.6755943293347844,1.007909218003058,0.7130578512396688,-2.484402537775021
long_term,Full15,XGBoost,1,11,-15.135823094231203,2.9173012405103007,2.8428277449174355,-6.0194296458790415,1.9241398206956741,1.8082644628099183,-0.9931614198146266
long_term,Full15,XGBoost,2,11,-31.734586104353525,2.6089518277557127,2.561887255581943,-20.300476947535696,2.1045405458415134,2.0545454545454507,-0.5044112819141993
long_term,Full15,XGBoost,3,11,-3.1439770028615612,1.650059281999141,1.3742787794633344,-0.023265408805031917,0.8199455736825787,0.5980165289256199,-0.8301137083165624
long_term,Full15,XGBoost,4,11,-2.3682828856138176,1.614170918099583,1.5362972259521477,-0.0330940170940166,0.8939539803637893,0.6482644628099172,-0.7202169377357936
long_term,Full15,XGBoost,5,11,-10.429749407577969,3.335787020041904,3.2147021206942465,-10.256855687606118,3.3104612547209005,3.160000000000002,-0.0253257653210035
long_term,Full15,XGBoost,6,11,-9.363881949424428,2.50667601147956,2.3422051169655553,-0.6755943293347844,1.007909218003058,0.7130578512396688,-1.498766793476502
failure,Full15,DT,1,11,-1.8032312554049583,7.571597645747623,6.800000000000001,-0.12415899547985187,4.794815870467848,4.160205831903945,-2.776781775279775
failure,Full15,DT,2,11,-4.772585579386333,10.727916005365714,9.754545454545458,-0.07334673320091811,4.625942112881352,4.005831903945111,-6.101973892484362
failure,Full15,DT,3,11,-0.12394446538254034,4.270618435096004,3.4363636363636374,-0.0355180424388466,4.099181792584066,3.575643224699829,-0.17143664251193869
failure,Full15,DT,4,11,-0.22135356057282962,5.483605250008853,4.513709893048127,-0.02741845335320159,5.029434574859065,4.045969125214408,-0.45417067514978715
failure,Full15,DT,5,9,-3.5677995060654517,8.521280550611051,7.4999999999999964,-0.47611686677746423,4.844084594178299,3.5377777777777766,-3.677195956432752
failure,Full15,DT,6,11,-0.2858597013492108,4.704543258673182,4.090909090909092,-0.00950405947259858,4.168451071568748,3.4706689536878215,-0.5360921871044333
failure,Full15,SVM,1,11,-0.5699192960017778,5.666262991901196,4.827967869408204,-0.12415899547985187,4.794815870467848,4.160205831903945,-0.8714471214333486
failure,Full15,SVM,2,11,-0.43561393883488186,5.349941185871585,4.55774501961692,-0.07334673320091811,4.625942112881352,4.005831903945111,-0.7239990729902335
failure,Full15,SVM,3,11,-0.03575978732308971,4.0996602479844695,3.582790016612836,-0.0355180424388466,4.099181792584066,3.575643224699829,-0.00047845540040380996
failure,Full15,SVM,4,11,0.0940862071599714,4.722684333886662,3.6238668699897585,-0.02741845335320159,5.029434574859065,4.045969125214408,0.306750240972403
failure,Full15,SVM,5,9,-0.19554154748100672,4.359469906850429,3.313828790706558,-0.47611686677746423,4.844084594178299,3.5377777777777766,0.48461468732786983
failure,Full15,SVM,6,11,-1.406976351207157,6.436600950080052,5.674664307618216,-0.00950405947259858,4.168451071568748,3.4706689536878215,-2.268149878511304
failure,Full15,RF,1,11,-0.03713856923664438,4.605496501138267,3.997512893167439,-0.12415899547985187,4.794815870467848,4.160205831903945,0.1893193693295805
failure,Full15,RF,2,11,0.020389524839774298,4.4193346027578,3.7065394540644587,-0.07334673320091811,4.625942112881352,4.005831903945111,0.20660751012355139
failure,Full15,RF,3,11,-0.3054305764330725,4.602515230067395,4.012356562562904,-0.0355180424388466,4.099181792584066,3.575643224699829,-0.5033334374833291
failure,Full15,RF,4,11,0.2954589309716118,4.164843042966707,3.363626723242096,-0.02741845335320159,5.029434574859065,4.045969125214408,0.8645915318923585
failure,Full15,RF,5,9,-0.7607704481022601,5.290573079632419,3.543856285621095,-0.47611686677746423,4.844084594178299,3.5377777777777766,-0.44648848545412
failure,Full15,RF,6,11,-0.45283167481193987,5.00067146659163,4.353670246252073,-0.00950405947259858,4.168451071568748,3.4706689536878215,-0.8322203950228815
failure,Full15,MLP,1,11,-16.08475005738361,18.692284349166247,15.825992320201932,-0.12415899547985187,4.794815870467848,4.160205831903945,-13.8974684786984
failure,Full15,MLP,2,11,-0.9105413370899562,6.171750967623041,4.4566438528874786,-0.07334673320091811,4.625942112881352,4.005831903945111,-1.545808854741689
failure,Full15,MLP,3,11,-2.7585915900562337,7.809638166564416,7.278473534631826,-0.0355180424388466,4.099181792584066,3.575643224699829,-3.7104563739803504
failure,Full15,MLP,4,11,-3.4800349084109348,10.502342593284366,9.806324682934516,-0.02741845335320159,5.029434574859065,4.045969125214408,-5.472908018425301
failure,Full15,MLP,5,9,-2.3574072992523085,7.305557487674656,6.0475012238738985,-0.47611686677746423,4.844084594178299,3.5377777777777766,-2.4614728934963566
failure,Full15,MLP,6,11,-11.873708011074404,14.885811002834362,14.546692905569126,-0.00950405947259858,4.168451071568748,3.4706689536878215,-10.717359931265614
failure,Full15,XGBoost,1,11,0.010737907271586522,4.4979409333456974,3.880825354836204,-0.12415899547985187,4.794815870467848,4.160205831903945,0.2968749371221504
failure,Full15,XGBoost,2,11,-0.22294553147363438,4.937802687628722,4.251283784346146,-0.07334673320091811,4.625942112881352,4.005831903945111,-0.31186057474737083
failure,Full15,XGBoost,3,11,-0.4118086496496587,4.786369948403952,4.204342061823064,-0.0355180424388466,4.099181792584066,3.575643224699829,-0.6871881558198867
failure,Full15,XGBoost,4,11,0.31550453633574904,4.105166434526123,3.2770032709295096,-0.02741845335320159,5.029434574859065,4.045969125214408,0.9242681403329422
failure,Full15,XGBoost,5,9,-0.8447139659241207,5.415217010349217,3.7273861779106974,-0.47611686677746423,4.844084594178299,3.5377777777777766,-0.5711324161709177
failure,Full15,XGBoost,6,11,-2.4782538795859645,7.737511588270838,6.9294668371027175,-0.00950405947259858,4.168451071568748,3.4706689536878215,-3.5690605167020895
