"Validation protocol","Experimental stage","Beam No.","Total records","Independent groups","Evaluated records","Evaluated groups","Grouping variable","Outer evaluation","Inner model selection","Noise augmentation","Base random seed","Outer split seed","Inner split seed"
"Short-term grouped nested CV","Short-term loading","1","73","71","73","71","Load","5-fold grouped","3-fold grouped","None","42","42","59"
"Short-term grouped nested CV","Short-term loading","2","72","72","72","72","Load","5-fold grouped","3-fold grouped","None","42","42","59"
"Short-term grouped nested CV","Short-term loading","3","92","91","92","91","Load","5-fold grouped","3-fold grouped","None","42","42","59"
"Short-term grouped nested CV","Short-term loading","4","82","81","82","81","Load","5-fold grouped","3-fold grouped","None","42","42","59"
"Short-term grouped nested CV","Short-term loading","5","73","72","73","72","Load","5-fold grouped","3-fold grouped","None","42","42","59"
"Short-term grouped nested CV","Short-term loading","6","84","83","84","83","Load","5-fold grouped","3-fold grouped","None","42","42","59"
"Randomized date-group nested CV","Long-term monitoring","1","33","11","33","11","Day","5-fold grouped","3-fold grouped","None","42","142","159"
"Randomized date-group nested CV","Long-term monitoring","2","33","11","33","11","Day","5-fold grouped","3-fold grouped","None","42","142","159"
"Randomized date-group nested CV","Long-term monitoring","3","33","11","33","11","Day","5-fold grouped","3-fold grouped","None","42","142","159"
"Randomized date-group nested CV","Long-term monitoring","4","33","11","33","11","Day","5-fold grouped","3-fold grouped","None","42","142","159"
"Randomized date-group nested CV","Long-term monitoring","5","33","11","33","11","Day","5-fold grouped","3-fold grouped","None","42","142","159"
"Randomized date-group nested CV","Long-term monitoring","6","33","11","33","11","Day","5-fold grouped","3-fold grouped","None","42","142","159"
"Rolling-origin nested validation","Long-term monitoring","1","33","11","18","6","Day","6 rolling origins","Up to 3 rolling-origin splits","None","42","Not applicable","Not applicable"
"Rolling-origin nested validation","Long-term monitoring","2","33","11","18","6","Day","6 rolling origins","Up to 3 rolling-origin splits","None","42","Not applicable","Not applicable"
"Rolling-origin nested validation","Long-term monitoring","3","33","11","18","6","Day","6 rolling origins","Up to 3 rolling-origin splits","None","42","Not applicable","Not applicable"
"Rolling-origin nested validation","Long-term monitoring","4","33","11","18","6","Day","6 rolling origins","Up to 3 rolling-origin splits","None","42","Not applicable","Not applicable"
"Rolling-origin nested validation","Long-term monitoring","5","33","11","18","6","Day","6 rolling origins","Up to 3 rolling-origin splits","None","42","Not applicable","Not applicable"
"Rolling-origin nested validation","Long-term monitoring","6","33","11","18","6","Day","6 rolling origins","Up to 3 rolling-origin splits","None","42","Not applicable","Not applicable"
"Loading-stage grouped nested CV","Loading to failure","1","17","11","17","11","Applied load","4-fold grouped","3-fold grouped","None","42","42","59"
"Loading-stage grouped nested CV","Loading to failure","2","33","11","33","11","Applied load","4-fold grouped","3-fold grouped","None","42","42","59"
"Loading-stage grouped nested CV","Loading to failure","3","33","11","33","11","Applied load","4-fold grouped","3-fold grouped","None","42","42","59"
"Loading-stage grouped nested CV","Loading to failure","4","33","11","33","11","Applied load","4-fold grouped","3-fold grouped","None","42","42","59"
"Loading-stage grouped nested CV","Loading to failure","5","28","9","28","9","Applied load","4-fold grouped","3-fold grouped","None","42","42","59"
"Loading-stage grouped nested CV","Loading to failure","6","34","11","34","11","Applied load","4-fold grouped","3-fold grouped","None","42","42","59"
